label,horizon,folds,accuracy_mean,accuracy_std,balanced_accuracy_mean,balanced_accuracy_std,f1_mean,f1_std,roc_auc_mean,roc_auc_std,cumulative_return_mean,cumulative_return_std,sharpe_mean,sharpe_std,max_drawdown_mean,max_drawdown_std,hit_rate_mean,hit_rate_std,turnover_mean,turnover_std
1D CNN (OHLCV + Open Interest),1,4,0.5079134366925064,0.004091116433589963,0.5002620034769205,0.0012950088955729505,0.6602321213411526,0.024383468505450548,0.5002210370467072,0.007116262611198876,0.08379326062587947,0.2476973326496807,0.0828379038665629,0.28466364996929316,-0.35280034204480903,0.09347922883757945,0.5079134366925064,0.004091116433589963,0.003746770025839775,0.0020832707359944498
1D CNN (OHLCV + Open Interest),4,4,0.5118555368910712,0.0075141851072764825,0.507747117237096,0.00813590464120918,0.6042430933893146,0.061549662028933284,0.5127670475131769,0.012466922330030864,0.20166764441811813,0.3260758329759289,0.13007684408735312,0.4742755097994256,-0.3861214498054266,0.06992296103724537,0.5127906976744186,0.007312022323943667,0.043152454780361726,0.015510334572050552
1D CNN (OHLCV + Open Interest),12,4,0.5017286644481807,0.014666092468548256,0.4991091495850729,0.013468002213377515,0.6016592776945062,0.06313331592601468,0.5168476115636267,0.017459255776246428,-0.1057218548348042,0.32681823516346026,0.019945191834919405,0.85140999173559,-0.4652645923202356,0.17144401215071614,0.5112403100775194,0.017381463042464115,0.09999999999999995,0.0591336202931583
1D CNN (OHLCV + Open Interest),24,4,0.5185403103668997,0.013841706714935804,0.5050581554651314,0.008760982258189748,0.6562903814197517,0.050934522724162226,0.49828677190747667,0.020989572979889282,0.24970208912013678,0.35643614259770995,0.6865393768195143,0.6853544546606687,-0.5282523070514751,0.24717589970510204,0.5138888888888888,0.028329567516490448,0.04783950617283945,0.06682294782287336
LogReg,1,4,0.5122886526072938,0.002874089123328825,0.5115423545061744,0.0031696478406357353,0.534409311248425,0.0077938857773205365,0.5162502941130931,0.005656360156789039,-0.307031753038962,0.16753568802346944,-0.3731057173287001,0.2365041934039586,-0.5186090342907358,0.15316123008057764,0.5113055444693971,0.003072283011858124,0.7562280356492238,0.10263132715773575
LogReg,4,4,0.5125443949144207,0.0071988309720600685,0.5116539147930338,0.007046094895325099,0.5356747138704525,0.016282821811969862,0.5143543302453057,0.0077980793738642315,0.05970599218131126,0.4519472257096067,0.08150340202997727,0.299727509792216,-0.6360690055680049,0.18691637150552617,0.5202942668696093,0.01100800302067333,0.6179604261796042,0.09848079215624923
LogReg,12,4,0.5107868020304568,0.013844415757416495,0.5104645123704212,0.012762577009210598,0.5407609477972946,0.02998633359553854,0.5087677548208135,0.019734036149048614,0.6059500249990186,0.9764048774411158,0.24232003194027482,1.4549608791747457,-0.5582694347081885,0.09562901732841238,0.5026636225266362,0.017565736510782023,0.5030441400304414,0.06516077552691504
LogReg,24,4,0.5056500761808025,0.01698680531889771,0.5045123074034933,0.015463053969756602,0.5424719441621335,0.04168499974457932,0.5068405072450897,0.022207741103175624,0.27380841982952137,0.6253638749249298,0.4125945836512888,0.9218324747407414,-0.36161306745811117,0.12153364045495597,0.5113636363636364,0.024088050144825235,0.5287878787878788,0.0857500799807941
Majority,1,4,0.5076584678652333,0.004795832070210852,0.5,0.0,0.6734261832098012,0.004222034084869098,0.5,0.0,0.07284613135455333,0.299770540060269,0.08220467177008971,0.30538173514864647,-0.35491403228095075,0.09323542043579591,0.5076584678652333,0.004795832070210852,0.00038055370678975,2.0901802933145848e-08
Majority,4,4,0.5081985240047906,0.010186781065950614,0.5,0.0,0.6738537380582439,0.009015154438694252,0.5,0.0,0.21641595835289895,0.5976283363517644,0.14066992393731995,0.5476127069369532,-0.7279033974404863,0.25243724884914365,0.5119228817858954,0.014519622548203128,0.0015220700152207,0.0
Majority,12,4,0.5133565989847716,0.024922477495193798,0.5,0.0,0.6780787925923255,0.02159604408957819,0.5,0.0,0.0670039721444419,0.44152920915607846,0.31369014468858375,0.98470531264575,-0.6307132829455349,0.3107851785973703,0.5140791476407914,0.028543885901202,0.0045662100456621,0.0
Majority,24,4,0.5070467242254952,0.025596966899728374,0.5,0.0,0.6725166118849188,0.02264096738166245,0.5,0.0,0.10001504079299708,0.45847536505258285,0.4168489988131912,1.3878330492433988,-0.6491248148684846,0.33122277381023507,0.5015151515151515,0.018741389207353052,0.009090909090909,0.0
Persistence,1,4,0.48377858499170356,0.013024717344719328,0.4835869783563651,0.013080762481770708,0.49233189090293195,0.01163618159835488,0.4835869783563651,0.013080762481770683,-0.5823814095008496,0.16260687956861655,-0.9432888732238658,0.4565706787959079,-0.6188656394478733,0.13955711332820572,0.48292233211195723,0.013017862005453313,1.032696528465232,0.025834346121249168
Persistence,4,4,0.4901204185045416,0.005572038044633565,0.489877839040745,0.005701805758747983,0.4987715201127285,0.007421518679409939,0.489877839040745,0.005701805758747983,-0.28421753556066714,0.3034287689085028,-0.23140845683323924,0.3975752214471241,-0.5185727371072028,0.22207966627389242,0.4876966007102993,0.013928650206187273,1.0119228817858956,0.010699693916267537
Persistence,12,4,0.4973667512690355,0.005431987231844196,0.4969144890594106,0.005379296294259123,0.508190356773531,0.015724395531234153,0.4969144890594106,0.005379296294259123,-0.33702243503296253,0.2824005752889335,-0.7199809541774813,0.589932520398379,-0.574349546305737,0.1922087419201441,0.49391171993911714,0.01598173515981735,1.0418569254185692,0.026917411238702234
Persistence,24,4,0.4925723717623159,0.006150089491484664,0.4922391040090678,0.005771520196760926,0.5001587114451773,0.018821519356939823,0.49223910400906773,0.00577152019676092,0.09738433468096341,0.30714557008545057,0.8413115137767765,1.1727558677825134,-0.4862677468217391,0.34294453619081666,0.4969696969696969,0.03367592541044376,1.034848484848485,0.06081403709208944
Random,1,4,0.49922322876173625,0.0035587544824103113,0.4990958153152496,0.0036242172850143033,0.5070103695555146,0.002230853034542065,0.5,0.0,-0.5257091308872295,0.08945774191635764,-1.0758024018154577,0.4471405883131217,-0.5783595776147517,0.09230029901077337,0.4985572467015541,0.003337374516449108,1.009545548439175,0.0003023036151660774
Random,4,4,0.5000475264624865,0.0010589180624159219,0.4998969997716178,0.0010169287041524016,0.5083174745909118,0.005513279601421431,0.5,0.0,-0.14080828760410855,0.5616852720892627,-0.3064713376580195,0.7425436796089486,-0.6209963877289778,0.19464055607138,0.5003805175038052,0.0073204992544434995,1.0091324200913243,0.0031275565717751746
Random,12,4,0.5064720812182741,0.0047364105600308445,0.50615205968725,0.004205538210368318,0.5181649437312728,0.016222490302039677,0.5,0.0,-0.05970316500175571,0.2797378903337614,-0.12466501572403724,0.5312073540118806,-0.510940819787747,0.1825324180992366,0.5121765601217656,0.030866514141055183,0.9756468797564688,0.0
Random,24,4,0.5040629761300153,0.004310372066218382,0.503768534304181,0.00358149683337874,0.515467268939157,0.016413867893299485,0.5,0.0,-0.09987542271654094,0.3687049824900713,-0.006059650831059943,1.2334147706175604,-0.4506117503162335,0.17382619807867314,0.5015151515151515,0.009701703390049778,1.0424242424242425,0.03360768638305887
