suite_name,config_name,label,fold,run_id,train_rows,test_rows,test_start,test_end,accuracy,precision,recall,f1,balanced_accuracy,roc_auc,cumulative_return,sharpe,max_drawdown,turnover,hit_rate,cost_adjusted_return,horizon
long_history_naive_vs_best,majority_ohlcv,Majority,1,majority_ohlcv_wf_fold01_20260325T083229Z,47302,7883,2024-10-19T23:00:00+00:00,2025-02-06T10:00:00+00:00,0.5112266903463148,0.5112266903463148,1.0,0.6765718123058844,0.5,0.5,0.2715489633757946,0.2579052289497694,-0.3687639308316408,0.0003805657744513,0.5112266903463148,0.0001180973588743,1
long_history_naive_vs_best,majority_ohlcv,Majority,2,majority_ohlcv_wf_fold02_20260325T083229Z,55185,7883,2025-02-06T11:00:00+00:00,2025-05-26T22:00:00+00:00,0.5050107826969428,0.5050107826969428,1.0,0.671105866486851,0.5,0.5,-0.0243253770143451,0.0402308537335363,-0.4272142912847514,0.0003805657744513,0.5050107826969428,1.875611144006215e-05,1
long_history_naive_vs_best,majority_ohlcv,Majority,3,majority_ohlcv_wf_fold03_20260325T083229Z,63068,7883,2025-05-26T22:00:00+00:00,2025-09-13T10:00:00+00:00,0.5131912734652461,0.5131912734652461,1.0,0.678290025146689,0.5,0.5,0.4128298037689244,0.4224396374167203,-0.1986106387362726,0.0003805175038051,0.5131912734652461,0.0001463055332997,1
long_history_naive_vs_best,majority_ohlcv,Majority,4,majority_ohlcv_wf_fold04_20260325T083229Z,70951,7883,2025-09-13T10:00:00+00:00,2025-12-31T21:00:00+00:00,0.5012051249524293,0.5012051249524293,1.0,0.6677370288997803,0.5,0.5,-0.3686688647121606,-0.3917570330196672,-0.4250672682711381,0.0003805657744513,0.5012051249524293,-0.0001549974619705,1
long_history_naive_vs_best,random_ohlcv,Random,1,random_ohlcv_wf_fold01_20260325T083229Z,47302,7883,2024-10-19T23:00:00+00:00,2025-02-06T10:00:00+00:00,0.500570848661677,0.5116046917893686,0.5086848635235732,0.510140599726266,0.5003844769214025,0.5,-0.4548699529828827,-0.7189739949771393,-0.5551460739430171,1.0098947101357352,0.4995560065964734,-0.0002191678135536,1
long_history_naive_vs_best,random_ohlcv,Random,2,random_ohlcv_wf_fold02_20260325T083229Z,55185,7883,2025-02-06T11:00:00+00:00,2025-05-26T22:00:00+00:00,0.5009514144361283,0.5058705970522108,0.5086661642803316,0.5072645290581163,0.5008733179166907,0.5,-0.5615503021638373,-0.9591229538366752,-0.635244658855393,1.0093872891031332,0.5003171381453762,-0.0003010187351649,1
long_history_naive_vs_best,random_ohlcv,Random,3,random_ohlcv_wf_fold03_20260325T083229Z,63068,7883,2025-05-26T22:00:00+00:00,2025-09-13T10:00:00+00:00,0.4931506849315068,0.5062375249500998,0.5014829461196243,0.5038490191209337,0.4929249019290148,0.5,-0.6552249664998526,-1.835382004317469,-0.6834576110484407,1.0097666159309997,0.4928970065956367,-0.0003988996828833,1
long_history_naive_vs_best,random_ohlcv,Random,4,random_ohlcv_wf_fold04_20260325T083230Z,70951,7883,2025-09-13T10:00:00+00:00,2025-12-31T21:00:00+00:00,0.5022199670176328,0.503370786516854,0.510250569476082,0.5067873303167421,0.5022005644938905,0.5,-0.4311913019023456,-0.7897306541305471,-0.4395899666121555,1.0091335785868325,0.5014588354687302,-0.000205906912893,1
long_history_naive_vs_best,persistence_ohlcv,Persistence,1,persistence_ohlcv_wf_fold01_20260325T083230Z,47302,7883,2024-10-19T23:00:00+00:00,2025-02-06T10:00:00+00:00,0.462260560700241,0.4741656365883807,0.4759305210918114,0.475046439628483,0.4619465738082986,0.4619465738082987,-0.8413376592643591,-1.7020659374791776,-0.8482433862097501,1.0750983128250666,0.4614994291513383,-0.0006802347758651,1
long_history_naive_vs_best,persistence_ohlcv,Persistence,2,persistence_ohlcv_wf_fold02_20260325T083230Z,55185,7883,2025-02-06T11:00:00+00:00,2025-05-26T22:00:00+00:00,0.4845870861347203,0.4897294589178356,0.4910826425521226,0.4904051172707889,0.4845213315272145,0.4845213315272145,-0.5781541845089133,-0.7093668547139743,-0.5987669404232281,1.0319675250539135,0.4834453888113662,-0.0003048229388328,1
long_history_naive_vs_best,persistence_ohlcv,Persistence,3,persistence_ohlcv_wf_fold03_20260325T083230Z,63068,7883,2025-05-26T22:00:00+00:00,2025-09-13T10:00:00+00:00,0.493658041603247,0.506660088801184,0.5076618882847257,0.5071604938271604,0.4932785731157865,0.4932785731157865,-0.5108932891734198,-0.862008507986542,-0.5528770094826748,1.013064434297311,0.4930238457635718,-0.0002599745417525,1
long_history_naive_vs_best,persistence_ohlcv,Persistence,4,persistence_ohlcv_wf_fold04_20260325T083230Z,70951,7883,2025-09-13T10:00:00+00:00,2025-12-31T21:00:00+00:00,0.4946086515286058,0.4958385876418663,0.4975955454315363,0.4967155128852956,0.4946014349741608,0.4946014349741608,-0.3991405050567064,-0.499714192715769,-0.4755752216758403,1.0106558416846378,0.4937206647215527,-0.0001780288919921,1
long_history_naive_vs_best,logistic_ohlcv,LogReg,1,logistic_ohlcv_wf_fold01_20260325T083231Z,47302,7883,2024-10-19T23:00:00+00:00,2025-02-06T10:00:00+00:00,0.5075478878599518,0.5167952791647753,0.5650124069478908,0.5398293029871978,0.506227978714018,0.5081990830515231,-0.5402028094786668,-0.7264813326811275,-0.5832351106178817,0.7967778764429786,0.5062793352784473,-0.0002774693860527,1
long_history_naive_vs_best,logistic_ohlcv,LogReg,2,logistic_ohlcv_wf_fold02_20260325T083231Z,55185,7883,2025-02-06T11:00:00+00:00,2025-05-26T22:00:00+00:00,0.514905492832678,0.5187127532777116,0.5465963325797538,0.5322896281800391,0.514584686023347,0.5181350909387505,-0.3202917582418083,-0.3048719593266399,-0.5266156581367142,0.8959786883166307,0.5140175060256248,-0.0001258502533425,1
long_history_naive_vs_best,logistic_ohlcv,LogReg,3,logistic_ohlcv_wf_fold03_20260325T083231Z,63068,7883,2025-05-26T22:00:00+00:00,2025-09-13T10:00:00+00:00,0.5142059868087265,0.5249307479224377,0.5620365793376174,0.5428503222726188,0.5129098998824617,0.5238385456257726,-0.0668458762413147,-0.0668982656410343,-0.2737800235992239,0.617579908675799,0.5135717909690513,-1.7641587769579087e-05,1
long_history_naive_vs_best,logistic_ohlcv,LogReg,4,logistic_ohlcv_wf_fold04_20260325T083231Z,70951,7883,2025-09-13T10:00:00+00:00,2025-12-31T21:00:00+00:00,0.5124952429278193,0.5131707317073171,0.5325234117944824,0.5226679915538442,0.512446853404871,0.5148284568363264,-0.3007865681940583,-0.3941713116659987,-0.6908053448091236,0.7145756691614867,0.5113535456044653,-0.0001238746301025,1
long_history_naive_vs_best,cnn_ohlcv_open_interest,1D CNN (OHLCV + Open Interest),1,cnn_ohlcv_open_interest_wf_fold01_20260325T083235Z,47286,7881,2024-10-21T20:00:00+00:00,2025-02-06T09:00:00+00:00,0.5121447028423772,0.5121447028423772,1.0,0.6773752563226247,0.5,0.5098627317467376,0.2578239119609795,0.2515752635955885,-0.3716925486299369,0.0003875968992248,0.5121447028423772,0.0001142318959913,1
long_history_naive_vs_best,cnn_ohlcv_open_interest,1D CNN (OHLCV + Open Interest),2,cnn_ohlcv_open_interest_wf_fold02_20260325T083330Z,55167,7881,2025-02-08T08:00:00+00:00,2025-05-26T20:00:00+00:00,0.5056847545219638,0.5059206245933637,0.9925963747766148,0.6702292708153766,0.4996986582227306,0.4971845161946914,0.0108024670623831,0.0682124076143009,-0.4458205199370753,0.0045219638242894,0.5056847545219638,3.184178719228628e-05,1
long_history_naive_vs_best,cnn_ohlcv_open_interest,1D CNN (OHLCV + Open Interest),3,cnn_ohlcv_open_interest_wf_fold03_20260325T083432Z,63048,7881,2025-05-28T20:00:00+00:00,2025-09-13T11:00:00+00:00,0.5114987080103359,0.5122587376108503,0.9896699420508944,0.6750880811205637,0.49894528659161,0.4906507600437466,0.353192871959697,0.3823268828056946,-0.197643330676928,0.0040051679586563,0.5114987080103359,0.0001323429203667,1
long_history_naive_vs_best,cnn_ohlcv_open_interest,1D CNN (OHLCV + Open Interest),4,cnn_ohlcv_open_interest_wf_fold04_20260325T083609Z,70929,7881,2025-09-15T11:00:00+00:00,2025-12-31T22:00:00+00:00,0.5023255813953489,0.5013663398167497,0.8061514603256655,0.6182358771060456,0.5024040690933417,0.5031861402016532,-0.2866462084795417,-0.3707629385493324,-0.3960449689352957,0.0060723514211886,0.5023255813953489,-0.0001181093900599,1
long_history_h4_naive_vs_best,majority_ohlcv,Majority,1,majority_ohlcv_wf_fold01_20260325T083229Z,47296,7882,2024-10-19T21:00:00+00:00,2025-02-06T08:00:00+00:00,0.5148439482364882,0.5148439482364882,1.0,0.6797319932998325,0.5,0.5,0.597229698625179,0.4704947286738352,-1.1290889309472047,0.0015220700152207,0.5235920852359208,0.0004750505609673,4
long_history_h4_naive_vs_best,majority_ohlcv,Majority,2,majority_ohlcv_wf_fold02_20260325T083229Z,55178,7882,2025-02-06T08:00:00+00:00,2025-05-26T19:00:00+00:00,0.5098959654909921,0.5098959654909921,1.0,0.6754054281152845,0.5,0.5,-0.1234258184615012,0.0407689312138593,-0.674292554937633,0.0015220700152207,0.517503805175038,6.0122555715250846e-05,4
long_history_h4_naive_vs_best,majority_ohlcv,Majority,3,majority_ohlcv_wf_fold03_20260325T083229Z,63060,7882,2025-05-26T19:00:00+00:00,2025-09-13T07:00:00+00:00,0.5169351769630851,0.5169351769630851,1.0,0.6815520990132129,0.5,0.5,0.959895821638964,0.7517664237644242,-0.4302810391514875,0.0015220700152207,0.519533231861999,0.0005826092173555,4
long_history_h4_naive_vs_best,majority_ohlcv,Majority,4,majority_ohlcv_wf_fold04_20260325T083229Z,70942,7882,2025-09-13T07:00:00+00:00,2025-12-31T18:00:00+00:00,0.4911190053285968,0.4911190053285968,1.0,0.6587254318046456,0.5,0.5,-0.568035868391046,-0.7003503879028389,-0.67795106472562,0.0015220700152207,0.487062404870624,-0.0006175767071751,4
long_history_h4_naive_vs_best,random_ohlcv,Random,1,random_ohlcv_wf_fold01_20260325T083229Z,47296,7882,2024-10-19T21:00:00+00:00,2025-02-06T08:00:00+00:00,0.4998731286475514,0.5144782825761358,0.507885657959586,0.5111607142857143,0.4996279754233076,0.5,0.4270268032712137,0.3968505672970424,-0.5854992681059006,1.0050735667174024,0.5088787417554541,0.0002050446402086,4
long_history_h4_naive_vs_best,random_ohlcv,Random,2,random_ohlcv_wf_fold02_20260325T083229Z,55178,7882,2025-02-06T08:00:00+00:00,2025-05-26T19:00:00+00:00,0.4986044151230652,0.5083645443196005,0.5065936800199055,0.5074775672981057,0.4984430993938512,0.5,-0.7299001296083468,-0.8501995758300261,-0.8303926597748678,1.0121765601217656,0.4921359715880263,-0.0008333529368064,4
long_history_h4_naive_vs_best,random_ohlcv,Random,3,random_ohlcv_wf_fold03_20260325T083229Z,63060,7882,2025-05-26T19:00:00+00:00,2025-09-13T07:00:00+00:00,0.5015856907268806,0.5181501740427648,0.5114110429447852,0.5147585525503273,0.5012412357581069,0.5,0.4140027622749338,0.451122805822937,-0.3203736002624326,1.0071029934043634,0.5063419583967529,0.0001550082055034,4
long_history_h4_naive_vs_best,random_ohlcv,Random,4,random_ohlcv_wf_fold04_20260325T083230Z,70942,7882,2025-09-13T07:00:00+00:00,2025-12-31T18:00:00+00:00,0.5001268713524486,0.4913900673820813,0.5086540945492121,0.4998730642294999,0.5002756885112054,0.5,-0.6743625863542348,-1.2236591479220311,-0.7477200227727102,1.0121765601217656,0.4941653982749873,-0.0007302377305755,4
long_history_h4_naive_vs_best,persistence_ohlcv,Persistence,1,persistence_ohlcv_wf_fold01_20260325T083230Z,47296,7882,2024-10-19T21:00:00+00:00,2025-02-06T08:00:00+00:00,0.4883278355747272,0.5030902348578492,0.5014785608674224,0.502283105022831,0.4879254729023304,0.4879254729023304,-0.7515754478204915,-0.8894099508907408,-0.8600410907765148,1.0162354134956877,0.4728564180618975,-0.0010252665162946,4
long_history_h4_naive_vs_best,persistence_ohlcv,Persistence,2,persistence_ohlcv_wf_fold02_20260325T083230Z,55178,7882,2025-02-06T08:00:00+00:00,2025-05-26T19:00:00+00:00,0.4988581578279624,0.5086401202103682,0.505349589450112,0.5069895157264104,0.4987270856906268,0.4987270856906268,-0.2964680267322044,-0.1176441639824713,-0.5695755358615002,1.010147133434805,0.5088787417554541,-0.0001817310596479,4
long_history_h4_naive_vs_best,persistence_ohlcv,Persistence,3,persistence_ohlcv_wf_fold03_20260325T083230Z,63060,7882,2025-05-26T19:00:00+00:00,2025-09-13T07:00:00+00:00,0.4834453888113662,0.5003702789434707,0.4974233128834356,0.4988924440068915,0.4829553539207094,0.4829553539207094,-0.1761146402138355,-0.0975990763428319,-0.3453457235247101,1.0253678335870118,0.4779299847792998,-0.0002716363656892,4
long_history_h4_naive_vs_best,persistence_ohlcv,Persistence,4,persistence_ohlcv_wf_fold04_20260325T083230Z,70942,7882,2025-09-13T07:00:00+00:00,2025-12-31T18:00:00+00:00,0.4898502918041106,0.481089258698941,0.4928958925342289,0.4869210156947812,0.4899034436493134,0.4899034436493134,0.0872879725238628,0.179019363883087,-0.299328598266086,0.995941146626078,0.4911212582445459,0.0002626568960802,4
long_history_h4_naive_vs_best,logistic_ohlcv,LogReg,1,logistic_ohlcv_wf_fold01_20260325T083231Z,47296,7882,2024-10-19T21:00:00+00:00,2025-02-06T08:00:00+00:00,0.5180157320477037,0.5283060109289618,0.5956136027599803,0.5599443993976602,0.515641529413463,0.5207044275371134,0.8248612147426988,0.5842973579974876,-0.4336071774937575,0.6621004566210046,0.5291730086250634,0.000373850210371,4
long_history_h4_naive_vs_best,logistic_ohlcv,LogReg,2,logistic_ohlcv_wf_fold02_20260325T083231Z,55178,7882,2025-02-06T08:00:00+00:00,2025-05-26T19:00:00+00:00,0.5175082466379092,0.5253045923149016,0.5578502114953968,0.5410884517919633,0.5166936793951227,0.5210052277568167,-0.3202038768968496,-0.1511965719798802,-0.6821643550560668,0.7584982242516489,0.5190258751902588,-7.99157338903765e-05,4
long_history_h4_naive_vs_best,logistic_ohlcv,LogReg,3,logistic_ohlcv_wf_fold03_20260325T083231Z,63060,7882,2025-05-26T19:00:00+00:00,2025-09-13T07:00:00+00:00,0.5003171381453762,0.5164648910411622,0.5234355828220859,0.519926873857404,0.4995066569572614,0.5017641258957571,-0.052219209753835,0.0356749654511589,-0.9196909326280964,0.5210553018772197,0.5027904616945713,-6.047419599000485e-06,4
long_history_h4_naive_vs_best,logistic_ohlcv,LogReg,4,logistic_ohlcv_wf_fold04_20260325T083231Z,70942,7882,2025-09-13T07:00:00+00:00,2025-12-31T18:00:00+00:00,0.5143364628266938,0.5052020324219695,0.539395505037458,0.5217391304347826,0.5147737934062883,0.5139435397915355,-0.2136141593667692,-0.1427621433488572,-0.5088135570940988,0.5301877219685439,0.5301877219685439,5.416804141307278e-05,4
long_history_h4_naive_vs_best,cnn_ohlcv_open_interest,1D CNN (OHLCV + Open Interest),1,cnn_ohlcv_open_interest_wf_fold01_20260325T083235Z,47280,7880,2024-10-21T18:00:00+00:00,2025-02-06T07:00:00+00:00,0.515828918464918,0.5340715502555367,0.4717832957110609,0.500998801438274,0.5172082789855944,0.5229629224082746,0.1825643412636013,0.2614707902313019,-0.3432847891245305,0.0180878552971576,0.5193798449612403,0.0003068601824809,4
long_history_h4_naive_vs_best,cnn_ohlcv_open_interest,1D CNN (OHLCV + Open Interest),2,cnn_ohlcv_open_interest_wf_fold02_20260325T083404Z,55160,7880,2025-02-08T06:00:00+00:00,2025-05-26T18:00:00+00:00,0.5197053882930611,0.5198223392005265,0.7983830217281456,0.6296702201853144,0.5131825185340013,0.5219164490840683,0.592872084771809,0.4979187334294551,-0.4922903537954325,0.0428940568475452,0.5188630490956072,0.0007137364042237,4
long_history_h4_naive_vs_best,cnn_ohlcv_open_interest,1D CNN (OHLCV + Open Interest),3,cnn_ohlcv_open_interest_wf_fold03_20260325T083525Z,63040,7880,2025-05-28T17:00:00+00:00,2025-09-13T08:00:00+00:00,0.512210879958651,0.5165949173725871,0.9267563527653214,0.6633972358448507,0.4961298542350097,0.4919833936925459,0.3339457714363363,0.4383831158303397,-0.3073141586339141,0.0532299741602067,0.5116279069767442,0.0003183590317028,4
long_history_h4_naive_vs_best,cnn_ohlcv_open_interest,1D CNN (OHLCV + Open Interest),4,cnn_ohlcv_open_interest_wf_fold04_20260325T083743Z,70920,7880,2025-09-15T08:00:00+00:00,2025-12-31T19:00:00+00:00,0.4996769608476547,0.4955066625348621,0.8384897745149449,0.6229061160888196,0.5044678171937782,0.5142054248678185,-0.3027116197992741,-0.6774652631416841,-0.4015964976678294,0.0583979328165374,0.5012919896640827,-0.0004920875208341,4
long_history_h12_naive_vs_best,majority_ohlcv,Majority,1,majority_ohlcv_wf_fold01_20260325T083229Z,47282,7880,2024-10-19T16:00:00+00:00,2025-02-06T03:00:00+00:00,0.517005076142132,0.517005076142132,1.0,0.6816128492554794,0.5,0.5,0.4809053572642878,0.7633415259577637,-1.0589692309097063,0.0045662100456621,0.5190258751902588,0.0014091217760617,12
long_history_h12_naive_vs_best,majority_ohlcv,Majority,2,majority_ohlcv_wf_fold02_20260325T083229Z,55162,7880,2025-02-06T03:00:00+00:00,2025-05-26T13:00:00+00:00,0.499746192893401,0.499746192893401,1.0,0.6664410221695718,0.5,0.5,0.019001039854952,0.2270398623419406,-0.5861193867919536,0.0045662100456621,0.4931506849315068,0.0002510504595623,12
long_history_h12_naive_vs_best,majority_ohlcv,Majority,3,majority_ohlcv_wf_fold03_20260325T083229Z,63042,7880,2025-05-26T14:00:00+00:00,2025-09-13T00:00:00+00:00,0.5517766497461929,0.5517766497461929,1.0,0.7111547268563951,0.5,0.5,0.4033006860829791,1.4743890356968636,-0.1865336376635985,0.0045662100456621,0.558599695585997,0.0017206310030342,12
long_history_h12_naive_vs_best,majority_ohlcv,Majority,4,majority_ohlcv_wf_fold04_20260325T083229Z,70922,7880,2025-09-13T00:00:00+00:00,2025-12-31T11:00:00+00:00,0.4848984771573604,0.4848984771573604,1.0,0.6531065720878557,0.5,0.5,-0.6351911946244513,-1.2100098452422332,-0.6912308764168813,0.0045662100456621,0.4855403348554033,-0.0017770982335622,12
long_history_h12_naive_vs_best,random_ohlcv,Random,1,random_ohlcv_wf_fold01_20260325T083229Z,47282,7880,2024-10-19T16:00:00+00:00,2025-02-06T03:00:00+00:00,0.5093908629441625,0.5258064516129032,0.5201276386843398,0.5229516288252715,0.5090128471929318,0.5,-0.1482350369239722,-0.0608388073443382,-0.5305215018712592,0.9756468797564688,0.517503805175038,-0.0007343507149795,12
long_history_h12_naive_vs_best,random_ohlcv,Random,2,random_ohlcv_wf_fold02_20260325T083229Z,55162,7880,2025-02-06T03:00:00+00:00,2025-05-26T13:00:00+00:00,0.501269035532995,0.5009925558312656,0.5126968004062976,0.5067771084337349,0.5012748334857464,0.5,-0.3931369712066962,-0.7782153673135956,-0.4174870501715481,0.9756468797564688,0.4611872146118721,-0.0007807077270081,12
long_history_h12_naive_vs_best,random_ohlcv,Random,3,random_ohlcv_wf_fold03_20260325T083229Z,63042,7880,2025-05-26T14:00:00+00:00,2025-09-13T00:00:00+00:00,0.5126903553299492,0.5628090999010881,0.5234590616375345,0.5424213536701621,0.511446405110953,0.5,-0.0778159794636345,-0.3414844282202758,-0.3014765641119222,0.9756468797564688,0.5266362252663622,-0.0002826780351238,12
long_history_h12_naive_vs_best,random_ohlcv,Random,4,random_ohlcv_wf_fold04_20260325T083230Z,70922,7880,2025-09-13T00:00:00+00:00,2025-12-31T11:00:00+00:00,0.5025380710659898,0.4877079711944375,0.514001570269563,0.5005096839959225,0.5028741529593688,0.5,0.3803753275872801,0.6818785399820607,-0.7942781629962581,0.9756468797564688,0.54337899543379,0.0009526882529026,12
long_history_h12_naive_vs_best,persistence_ohlcv,Persistence,1,persistence_ohlcv_wf_fold01_20260325T083230Z,47282,7880,2024-10-19T16:00:00+00:00,2025-02-06T03:00:00+00:00,0.4925126903553299,0.5092661230541141,0.5058910162002945,0.5075729589951976,0.4920416720518025,0.4920416720518025,-0.595502263394784,-1.122625523895162,-0.7933039119323618,1.0426179604261796,0.4794520547945205,-0.0019371900707423,12
long_history_h12_naive_vs_best,persistence_ohlcv,Persistence,2,persistence_ohlcv_wf_fold02_20260325T083230Z,55162,7880,2025-02-06T03:00:00+00:00,2025-05-26T13:00:00+00:00,0.5050761421319797,0.5047571357035553,0.5119349923819198,0.5083207261724659,0.5050796220154145,0.5050796220154145,0.0709083264546706,0.2936430730540793,-0.4725710445638018,1.0030441400304415,0.5205479452054794,0.0003991874446676,12
long_history_h12_naive_vs_best,persistence_ohlcv,Persistence,3,persistence_ohlcv_wf_fold03_20260325T083230Z,63042,7880,2025-05-26T14:00:00+00:00,2025-09-13T00:00:00+00:00,0.4998730964467005,0.5502593232897012,0.5124195032198712,0.5306657139454567,0.4984237946450431,0.4984237946450431,-0.2185987090656411,-0.9363717277270402,-0.312523044328389,1.0791476407914764,0.4840182648401826,-0.0009851741822655,12
long_history_h12_naive_vs_best,persistence_ohlcv,Persistence,4,persistence_ohlcv_wf_fold04_20260325T083230Z,70922,7880,2025-09-13T00:00:00+00:00,2025-12-31T11:00:00+00:00,0.4920050761421319,0.4770780856423174,0.4956817587019105,0.4862020279810037,0.4921128675253824,0.4921128675253824,-0.6048970941260956,-1.1145696381418022,-0.7190001843983953,1.0426179604261796,0.4916286149162861,-0.0011120374418585,12
long_history_h12_naive_vs_best,logistic_ohlcv,LogReg,1,logistic_ohlcv_wf_fold01_20260325T083231Z,47282,7880,2024-10-19T16:00:00+00:00,2025-02-06T03:00:00+00:00,0.5260152284263959,0.5368398174309933,0.6062837506136475,0.5694524495677233,0.5231891690535395,0.5232736544189973,2.195113918689476,1.949248557944115,-0.6659356426616188,0.6012176560121766,0.5205479452054794,0.0031851392568857,12
long_history_h12_naive_vs_best,logistic_ohlcv,LogReg,2,logistic_ohlcv_wf_fold02_20260325T083231Z,55162,7880,2025-02-06T03:00:00+00:00,2025-05-26T13:00:00+00:00,0.5191624365482234,0.5151576805696846,0.6429659725749112,0.5720094883090477,0.5192252490982115,0.5311467136866999,-0.0428324341335528,0.1104806385612054,-0.6104514910089791,0.4885844748858447,0.5144596651445966,-2.058601522179591e-05,12
long_history_h12_naive_vs_best,logistic_ohlcv,LogReg,3,logistic_ohlcv_wf_fold03_20260325T083231Z,63042,7880,2025-05-26T14:00:00+00:00,2025-09-13T00:00:00+00:00,0.4893401015228426,0.5418821096173733,0.4820607175712971,0.5102239532619279,0.4901809816622058,0.4812082148650634,-0.3251890393021828,-2.010865202020096,-0.4094652521550026,0.5038051750380518,0.4748858447488584,-0.001704100681526,12
long_history_h12_naive_vs_best,logistic_ohlcv,LogReg,4,logistic_ohlcv_wf_fold04_20260325T083231Z,70922,7880,2025-09-13T00:00:00+00:00,2025-12-31T11:00:00+00:00,0.5086294416243655,0.4937850353399951,0.5302276890866265,0.5113579000504795,0.5092626496677282,0.4994424363124933,0.5967076547423338,0.920416133275875,-0.5472253530071531,0.4185692541856925,0.5007610350076104,0.0008030697305579,12
long_history_h12_naive_vs_best,cnn_ohlcv_open_interest,1D CNN (OHLCV + Open Interest),1,cnn_ohlcv_open_interest_wf_fold01_20260325T083235Z,47266,7877,2024-10-21T14:00:00+00:00,2025-02-06T01:00:00+00:00,0.5184850051706308,0.5194882475453734,0.8758465011286681,0.6521617331216734,0.5071417088198689,0.5297122289211075,0.3642639541930699,1.2694759469720822,-0.2689887276532767,0.1224806201550387,0.5162790697674419,0.0016629580545154,12
long_history_h12_naive_vs_best,cnn_ohlcv_open_interest,1D CNN (OHLCV + Open Interest),2,cnn_ohlcv_open_interest_wf_fold02_20260325T083405Z,55143,7877,2025-02-08T00:00:00+00:00,2025-05-26T11:00:00+00:00,0.5016804550155118,0.5016804550155118,1.0,0.6681587328914522,0.5,0.5180454112973811,-0.3177331554060101,-0.3459156980534041,-0.7086813603282976,0.0046511627906976,0.5131782945736434,0.0004658185787018,12
long_history_h12_naive_vs_best,cnn_ohlcv_open_interest,1D CNN (OHLCV + Open Interest),3,cnn_ohlcv_open_interest_wf_fold03_20260325T083507Z,63020,7877,2025-05-28T10:00:00+00:00,2025-09-13T01:00:00+00:00,0.4785418821096174,0.5317159464240586,0.4910151691948658,0.5105556903664159,0.477034678193492,0.4879818712178873,-0.4878195193362303,-1.0598467855624276,-0.5383510773567278,0.1069767441860465,0.4837209302325581,-0.0011429911704145,12
long_history_h12_naive_vs_best,cnn_ohlcv_open_interest,1D CNN (OHLCV + Open Interest),4,cnn_ohlcv_open_interest_wf_fold04_20260325T083721Z,70897,7877,2025-09-15T00:00:00+00:00,2025-12-31T10:00:00+00:00,0.5082073154969626,0.4973035439137134,0.683611331744771,0.5757609543984836,0.5122602113269309,0.5316509348181311,0.0184013012099537,0.2160673039834272,-0.3450372039426403,0.165891472868217,0.5317829457364341,0.0002383574533397,12
long_history_h24_naive_vs_best,majority_ohlcv,Majority,1,majority_ohlcv_wf_fold01_20260325T083229Z,47260,7876,2024-10-19T09:00:00+00:00,2025-02-05T18:00:00+00:00,0.5215845606907059,0.5215845606907059,1.0,0.6855807743658211,0.5,0.5,0.638989490618237,1.201007544913156,-1.0935823240546667,0.009090909090909,0.5151515151515151,0.0028862884385811,24
long_history_h24_naive_vs_best,majority_ohlcv,Majority,2,majority_ohlcv_wf_fold02_20260325T083229Z,55136,7876,2025-02-05T18:00:00+00:00,2025-05-26T03:00:00+00:00,0.4975876079228034,0.4975876079228034,1.0,0.6645188639253922,0.5,0.5,-0.0997416875382947,0.1606203015538833,-0.6746892160037982,0.009090909090909,0.4787878787878787,0.0005533169935882,24
long_history_h24_naive_vs_best,majority_ohlcv,Majority,3,majority_ohlcv_wf_fold03_20260325T083229Z,63012,7876,2025-05-26T04:00:00+00:00,2025-09-12T13:00:00+00:00,0.5384713052310818,0.5384713052310818,1.0,0.7000082528678716,0.5,0.5,0.4062570506318517,2.0082020467253208,-0.1589886067498434,0.009090909090909,0.5242424242424243,0.0034807915144016,24
long_history_h24_naive_vs_best,majority_ohlcv,Majority,4,majority_ohlcv_wf_fold04_20260325T083229Z,70888,7876,2025-09-12T13:00:00+00:00,2025-12-30T22:00:00+00:00,0.4705434230573895,0.4705434230573895,1.0,0.6399585563805906,0.5,0.5,-0.5454446905398056,-1.7024338979395954,-0.6692391126656301,0.009090909090909,0.4878787878787878,-0.0034594957211307,24
long_history_h24_naive_vs_best,random_ohlcv,Random,1,random_ohlcv_wf_fold01_20260325T083229Z,47260,7876,2024-10-19T09:00:00+00:00,2025-02-05T18:00:00+00:00,0.5044438801422042,0.5251410350748099,0.5211781888997079,0.5231521075137446,0.5036888821356289,0.5,0.1155508937036429,0.5109695002748926,-0.4301718697119833,0.9848484848484848,0.5060606060606061,0.0007961169823465,24
long_history_h24_naive_vs_best,random_ohlcv,Random,2,random_ohlcv_wf_fold02_20260325T083229Z,55136,7876,2025-02-05T18:00:00+00:00,2025-05-26T03:00:00+00:00,0.499746063991874,0.4974233128834356,0.5172237815769329,0.5071303477608207,0.4998299853045139,0.5,-0.7376160045261002,-2.090919879263074,-0.7089763280350895,1.0575757575757576,0.4939393939393939,-0.0045631750534064,24
long_history_h24_naive_vs_best,random_ohlcv,Random,3,random_ohlcv_wf_fold03_20260325T083229Z,63012,7876,2025-05-26T04:00:00+00:00,2025-09-12T13:00:00+00:00,0.5109192483494159,0.5475666422108095,0.5279415232256544,0.5375750300120048,0.5095003352029235,0.5,0.1384592704202363,1.1258785356615666,-0.2189816067453439,1.0696969696969696,0.5151515151515151,0.001363816991241,24
long_history_h24_naive_vs_best,random_ohlcv,Random,4,random_ohlcv_wf_fold04_20260325T083230Z,70888,7876,2025-09-12T13:00:00+00:00,2025-12-30T22:00:00+00:00,0.5011427120365668,0.472530179847253,0.51753912574204,0.4940115904700579,0.5020549345736579,0.5,0.0841041495360572,0.4298332400023749,-0.4443171967725174,1.0575757575757576,0.4909090909090909,0.0009358026157365,24
long_history_h24_naive_vs_best,persistence_ohlcv,Persistence,1,persistence_ohlcv_wf_fold01_20260325T083230Z,47260,7876,2024-10-19T09:00:00+00:00,2025-02-05T18:00:00+00:00,0.4956830878618588,0.5168400198117881,0.5080331061343719,0.512398723299779,0.4951258948930883,0.4951258948930882,-0.3476644059656252,-0.4628785536163744,-0.4786575124390668,1.003030303030303,0.4545454545454545,-0.0013848947700527,24
long_history_h24_naive_vs_best,persistence_ohlcv,Persistence,2,persistence_ohlcv_wf_fold02_20260325T083230Z,55136,7876,2025-02-05T18:00:00+00:00,2025-05-26T03:00:00+00:00,0.4831132554596242,0.4809714571857786,0.4901760653227864,0.485530140275496,0.4831471683702635,0.4831471683702635,0.027034870255451,0.3785382135385009,-1.0469092173176515,1.1242424242424245,0.4878787878787878,-0.000127418037445,24
long_history_h24_naive_vs_best,persistence_ohlcv,Persistence,3,persistence_ohlcv_wf_fold03_20260325T083230Z,63012,7876,2025-05-26T04:00:00+00:00,2025-09-12T13:00:00+00:00,0.499746063991874,0.5372432566196486,0.5119075689695827,0.5242695001207438,0.4987323264380238,0.4987323264380238,0.4991641807267262,2.731092027736198,-0.1700956573708436,0.9606060606060606,0.5484848484848485,0.0039497806439731,24
long_history_h24_naive_vs_best,persistence_ohlcv,Persistence,4,persistence_ohlcv_wf_fold04_20260325T083230Z,70888,7876,2025-09-12T13:00:00+00:00,2025-12-30T22:00:00+00:00,0.4917470797359065,0.4625850340136054,0.4954128440366973,0.4784364820846905,0.4919510263348954,0.4919510263348954,0.2110026937073017,0.7184943674487815,-0.2494086001593944,1.0515151515151515,0.4969696969696969,0.0009738969662396,24
long_history_h24_naive_vs_best,logistic_ohlcv,LogReg,1,logistic_ohlcv_wf_fold01_20260325T083231Z,47260,7876,2024-10-19T09:00:00+00:00,2025-02-05T18:00:00+00:00,0.5302183849669884,0.5413793103448276,0.6497078870496592,0.5906173932285904,0.5248274042466979,0.5325567428889206,1.354267700070905,1.9527558826651337,-0.4975158390307308,0.5424242424242425,0.5515151515151515,0.0041466508680194,24
long_history_h24_naive_vs_best,logistic_ohlcv,LogReg,2,logistic_ohlcv_wf_fold02_20260325T083231Z,55136,7876,2025-02-05T18:00:00+00:00,2025-05-26T03:00:00+00:00,0.5091416962925343,0.5050853962771061,0.6715998979331462,0.5765607886089814,0.5099217584181779,0.5194879788035234,-0.1458584405648064,0.0312702021764638,-0.4089602568968444,0.5909090909090909,0.4878787878787878,-0.0003697580420021,24
long_history_h24_naive_vs_best,logistic_ohlcv,LogReg,3,logistic_ohlcv_wf_fold03_20260325T083231Z,63012,7876,2025-05-26T04:00:00+00:00,2025-09-12T13:00:00+00:00,0.4831132554596242,0.5210708973723351,0.4956378212685687,0.508036253776435,0.482069254513239,0.4732439956188475,-0.0918302588488269,-0.4909718616411348,-0.1661128991674301,0.3848484848484848,0.5,-0.0006537776894018,24
long_history_h24_naive_vs_best,logistic_ohlcv,LogReg,4,logistic_ohlcv_wf_fold04_20260325T083231Z,70888,7876,2025-09-12T13:00:00+00:00,2025-12-30T22:00:00+00:00,0.500126968004063,0.4717258261933904,0.5199676200755532,0.494673341034527,0.5012308124358581,0.5020733116690673,-0.0213453213391862,0.1573241114046928,-0.3738632747374393,0.5969696969696969,0.5060606060606061,0.0012908853025828,24
long_history_h24_naive_vs_best,cnn_ohlcv_open_interest,1D CNN (OHLCV + Open Interest),1,cnn_ohlcv_open_interest_wf_fold01_20260325T083235Z,47244,7874,2024-10-21T06:00:00+00:00,2025-02-05T17:00:00+00:00,0.5193327298590457,0.5193327298590457,1.0,0.6836326495871989,0.5,0.4648534929424084,0.4817729462577875,1.043353104282067,-0.844226756765915,0.0092592592592592,0.5246913580246914,0.0024961463706694,24
long_history_h24_naive_vs_best,cnn_ohlcv_open_interest,1D CNN (OHLCV + Open Interest),2,cnn_ohlcv_open_interest_wf_fold02_20260325T083405Z,55118,7874,2025-02-07T16:00:00+00:00,2025-05-26T02:00:00+00:00,0.5032975559291348,0.5032975559291348,1.0,0.6695913978494623,0.5,0.4980949781031351,-0.1073723707453743,0.1144371840667995,-0.6949434780102957,0.0092592592592592,0.4660493827160494,0.0005700429849205,24
long_history_h24_naive_vs_best,cnn_ohlcv_open_interest,1D CNN (OHLCV + Open Interest),3,cnn_ohlcv_open_interest_wf_fold03_20260325T083506Z,62992,7874,2025-05-28T01:00:00+00:00,2025-09-12T14:00:00+00:00,0.540411224621751,0.540411224621751,1.0,0.701645399597045,0.5,0.5088102301038111,0.7115877234263992,1.6311577420969032,-0.2986423705559482,0.0092592592592592,0.5401234567901234,0.0036049789177781,24
long_history_h24_naive_vs_best,cnn_ohlcv_open_interest,1D CNN (OHLCV + Open Interest),4,cnn_ohlcv_open_interest_wf_fold04_20260325T083720Z,70866,7874,2025-09-14T13:00:00+00:00,2025-12-30T23:00:00+00:00,0.5111197310576674,0.4877527216174183,0.6864569083447333,0.5702920786453006,0.5202326218605255,0.5213883864805522,-0.0871799424582652,-0.0427905231677128,-0.2751966228737413,0.1635802469135802,0.5246913580246914,-0.0011891952586144,24
