suite_name,config_name,label,fold,symbol,accuracy,precision,recall,f1,balanced_accuracy,roc_auc,cumulative_return,sharpe,max_drawdown,turnover,hit_rate,cost_adjusted_return
long_history_cnn_full_ablation,cnn_ohlcv,1D CNN,1,BTCUSDT,0.4796590468810539,0.0,0.0,0.0,0.5,0.5179771976273791,-0.37062650209917336,-0.44935581280890097,-0.4470179085249457,0.0003874467260751647,0.4792716001549787,-0.00016282889738132374
long_history_cnn_full_ablation,cnn_ohlcv,1D CNN,1,ETHUSDT,0.49864393645873695,0.5323383084577115,0.08186687069625095,0.1419098143236074,0.5040417555993029,0.49672395589982216,-0.2305535642680513,-0.13631061067973493,-0.5118976026851964,0.043781480046493605,0.4974815962805114,-6.901866196020049e-05
long_history_cnn_full_ablation,cnn_ohlcv,1D CNN,1,SOLUSDT,0.5,0.55,0.1004566210045662,0.16988416988416988,0.5075742820662641,0.513346666474304,-0.17529384402774895,-0.026809129101074212,-0.5787458997764883,0.0624031007751938,0.4965116279069767,-1.796341532356225e-05
long_history_cnn_full_ablation,cnn_ohlcv,1D CNN,2,BTCUSDT,0.49631925610228594,0.49748427672955975,0.6122291021671826,0.5489243580846634,0.4961843726506976,0.4971198903798994,0.006463611417130144,0.05081916927797855,-0.26620438942118574,0.056954668733049205,0.49631925610228594,1.7570377809234096e-05
long_history_cnn_full_ablation,cnn_ohlcv,1D CNN,2,ETHUSDT,0.4782945736434108,0.48853211009174313,0.1594311377245509,0.24040632054176073,0.49008534378188956,0.5007355666480544,-0.4160923627310694,-0.31480480326628274,-0.5646904083669153,0.026744186046511628,0.47790697674418603,-0.0001711583696844947
long_history_cnn_full_ablation,cnn_ohlcv,1D CNN,2,SOLUSDT,0.4912824486633088,0.48400556328233657,0.26976744186046514,0.3464410154305625,0.4911966566389855,0.4848909264496605,-0.2966187310941133,-0.13092191764030994,-0.749355381101084,0.035257652072839984,0.48740798140255714,-8.408718884968023e-05
long_history_cnn_full_ablation,cnn_ohlcv,1D CNN,3,BTCUSDT,0.5042635658914729,0.5042635658914729,1.0,0.6704457614017006,0.5,0.48900016166069404,0.07918218455013637,0.16402564495700772,-0.15374119744424974,0.0003875968992248062,0.5042635658914729,3.54045053580967e-05
long_history_cnn_full_ablation,cnn_ohlcv,1D CNN,3,ETHUSDT,0.5182029434546863,0.517829457364341,1.0,0.6823289070480082,0.5008025682182986,0.48621637143049373,0.7861471124310428,0.5741150599112449,-0.2650210381893121,0.0019364833462432224,0.5182029434546863,0.00024820649829976154
long_history_cnn_full_ablation,cnn_ohlcv,1D CNN,3,SOLUSDT,0.515304145679969,0.515304145679969,1.0,0.6801329583226796,0.5,0.4938884982239772,0.4142397313693942,0.33897473788454524,-0.2872558924439049,0.0003874467260751647,0.515304145679969,0.00016367908713776937
long_history_cnn_full_ablation,cnn_ohlcv,1D CNN,4,BTCUSDT,0.4992248062015504,0.4986418315871168,1.0,0.665458311755567,0.5011583011583012,0.4866045701065156,-0.2240241107874037,-0.29876809892435036,-0.3826344025456412,0.0050387596899224806,0.4992248062015504,-8.748480182291588e-05
long_history_cnn_full_ablation,cnn_ohlcv,1D CNN,4,ETHUSDT,0.5125920185974429,0.5079458505002943,0.6715953307392996,0.5784182305630027,0.5132668011721189,0.5066006749291445,0.1264874860383245,0.15935614508057513,-0.46049135681073794,0.416505230530802,0.5125920185974429,7.146582579307698e-05
long_history_cnn_full_ablation,cnn_ohlcv,1D CNN,4,SOLUSDT,0.5230530802014723,0.5282289249806651,0.5237730061349694,0.5259915286869464,0.5230454693948143,0.5286576812025885,0.3843212222986059,0.30864258453016613,-1.001967666197614,0.6063541263076327,0.519953506392871,0.0001597241314666303
long_history_cnn_full_ablation,cnn_ohlcv_funding,1D CNN (OHLCV + Funding),1,BTCUSDT,0.4796590468810539,0.0,0.0,0.0,0.5,0.5240858781908706,-0.37062650209917336,-0.44935581280890097,-0.4470179085249457,0.0003874467260751647,0.4792716001549787,-0.00016282889738132374
long_history_cnn_full_ablation,cnn_ohlcv_funding,1D CNN (OHLCV + Funding),1,ETHUSDT,0.49399457574583494,0.5185185185185185,0.010711553175210406,0.020989505247376312,0.5002537357712786,0.5159580281998032,-0.1580252658453355,-0.06813077391889079,-0.46941285045778836,0.0065865943432778,0.49283223556760947,-3.449746130608495e-05
long_history_cnn_full_ablation,cnn_ohlcv_funding,1D CNN (OHLCV + Funding),1,SOLUSDT,0.4941860465116279,0.5235602094240838,0.076103500761035,0.132890365448505,0.5021117819760941,0.5263723276610377,-0.27733578094797573,-0.10314171058560422,-0.6630041928266639,0.01744186046511628,0.4906976744186046,-6.910869701494847e-05
long_history_cnn_full_ablation,cnn_ohlcv_funding,1D CNN (OHLCV + Funding),2,BTCUSDT,0.5005811700891127,0.5005811700891127,1.0,0.6671830622256648,0.5,0.49998168594946046,0.1390850782044315,0.18955488620483135,-0.2552971144887145,0.0003874467260751647,0.5005811700891127,6.553391461815003e-05
long_history_cnn_full_ablation,cnn_ohlcv_funding,1D CNN (OHLCV + Funding),2,ETHUSDT,0.5,0.5172155688622755,0.5172155688622755,0.5172155688622755,0.49936341144078406,0.4990026979802453,-0.04723612318358017,0.034328703524157386,-0.45476207005690406,0.05852713178294574,0.4996124031007752,1.866757618192858e-05
long_history_cnn_full_ablation,cnn_ohlcv_funding,1D CNN (OHLCV + Funding),2,SOLUSDT,0.4974815962805114,0.498324557204404,0.8069767441860465,0.6161586268126664,0.4976014627204438,0.4853511790031164,0.5179514928199627,0.3322869064695889,-0.42106639187007977,0.049980627663696243,0.4967067028283611,0.00021336984095469676
long_history_cnn_full_ablation,cnn_ohlcv_funding,1D CNN (OHLCV + Funding),3,BTCUSDT,0.5042635658914729,0.5042635658914729,1.0,0.6704457614017006,0.5,0.49509278662771583,0.07918218455013637,0.16402564495700772,-0.15374119744424974,0.0003875968992248062,0.5042635658914729,3.54045053580967e-05
long_history_cnn_full_ablation,cnn_ohlcv_funding,1D CNN (OHLCV + Funding),3,ETHUSDT,0.5178156467854377,0.51762882603642,1.0,0.6821547102374266,0.5004012841091493,0.5002117554617891,0.7852065808810156,0.5736425920421779,-0.26626815057197506,0.0019364833462432224,0.5178156467854377,0.0002480025039266062
long_history_cnn_full_ablation,cnn_ohlcv_funding,1D CNN (OHLCV + Funding),3,SOLUSDT,0.515304145679969,0.515304145679969,1.0,0.6801329583226796,0.5,0.511286910321367,0.4142397313693942,0.33897473788454524,-0.2872558924439049,0.0003874467260751647,0.515304145679969,0.00016367908713776937
long_history_cnn_full_ablation,cnn_ohlcv_funding,1D CNN (OHLCV + Funding),4,BTCUSDT,0.49806201550387597,0.49806201550387597,1.0,0.6649417852522639,0.5,0.5083827351531631,-0.23585740487698492,-0.3191191454658439,-0.3818138617893292,0.0003875968992248062,0.49806201550387597,-9.344111275303304e-05
long_history_cnn_full_ablation,cnn_ohlcv_funding,1D CNN (OHLCV + Funding),4,ETHUSDT,0.49283223556760947,0.487152034261242,0.3540856031128405,0.41009463722397477,0.4922434188403708,0.49875342268338374,-0.2995062550271185,-0.2508668739139236,-0.6442425571677958,0.043781480046493605,0.49283223556760947,-0.00011253713203020592
long_history_cnn_full_ablation,cnn_ohlcv_funding,1D CNN (OHLCV + Funding),4,SOLUSDT,0.4974815962805114,0.5025641025641026,0.5260736196319018,0.514050206069689,0.49717933135079817,0.49595546021878356,-0.4177421803859771,-0.3393465219928926,-0.6025355938450477,0.06935296396745448,0.4943820224719101,-0.00017573415588944164
long_history_cnn_full_ablation,cnn_ohlcv_open_interest,1D CNN (OHLCV + Open Interest),1,BTCUSDT,0.5201550387596899,0.5201550387596899,1.0,0.6843447220805712,0.5,0.5206907323720533,0.4487770736992056,0.44226182154242794,-0.2583282611294482,0.0003875968992248062,0.5201550387596899,0.0001602347135130962
long_history_cnn_full_ablation,cnn_ohlcv_open_interest,1D CNN (OHLCV + Open Interest),1,ETHUSDT,0.5067855758045754,0.5067855758045754,1.0,0.6726711271230057,0.5,0.5042640498910077,0.061503303998906134,0.10991588197760345,-0.6145881888834708,0.00038774718883288094,0.5067855758045754,5.564947228227722e-05
long_history_cnn_full_ablation,cnn_ohlcv_open_interest,1D CNN (OHLCV + Open Interest),1,SOLUSDT,0.5094924447888415,0.5094924447888415,1.0,0.6750513347022588,0.5,0.5176079265252674,0.19864235730875968,0.1892563485282494,-0.6177533035498619,0.0003874467260751647,0.5094924447888415,0.00012678393068305503
long_history_cnn_full_ablation,cnn_ohlcv_open_interest,1D CNN (OHLCV + Open Interest),2,BTCUSDT,0.5003875968992249,0.5003875968992249,1.0,0.6670111082407647,0.5,0.5011582844530283,0.13671950874378314,0.18726452729504284,-0.2549741569201981,0.0003875968992248062,0.5003875968992249,6.475251086352284e-05
long_history_cnn_full_ablation,cnn_ohlcv_open_interest,1D CNN (OHLCV + Open Interest),2,ETHUSDT,0.5166666666666667,0.5177865612648221,0.9798055347793567,0.6775277993276442,0.49915457752644427,0.49245016670768427,-0.07565581372400243,0.012431686610571072,-0.5408649064805022,0.01124031007751938,0.5166666666666667,6.759126079697588e-06
long_history_cnn_full_ablation,cnn_ohlcv_open_interest,1D CNN (OHLCV + Open Interest),2,SOLUSDT,0.5,0.49980582524271844,0.9984484096198604,0.6661490683229814,0.5003860948176762,0.5156607269158866,-0.06898099829859639,0.037383259438179765,-0.5589869066958179,0.001937984496124031,0.5,2.401372463363741e-05
long_history_cnn_full_ablation,cnn_ohlcv_open_interest,1D CNN (OHLCV + Open Interest),3,BTCUSDT,0.5046511627906977,0.5046511627906977,1.0,0.6707882534775889,0.5,0.5020006538634435,0.07617914845007845,0.1591165112114168,-0.15322773522558075,0.0003875968992248062,0.5046511627906977,3.431379809833297e-05
long_history_cnn_full_ablation,cnn_ohlcv_open_interest,1D CNN (OHLCV + Open Interest),3,ETHUSDT,0.5174418604651163,0.5179407176287052,0.9932685115931189,0.6808510638297872,0.4994500240990534,0.48839153711043626,0.670316537845455,0.5141809564557693,-0.26313899905234284,0.0034883720930232558,0.5174418604651163,0.0002224199995605082
long_history_cnn_full_ablation,cnn_ohlcv_open_interest,1D CNN (OHLCV + Open Interest),3,SOLUSDT,0.5124031007751938,0.5142630744849446,0.9759398496240601,0.6735858847950181,0.49756992481203005,0.48985443609022555,0.3312897635256913,0.2905784449715388,-0.27306036035387893,0.00813953488372093,0.5124031007751938,0.00014029496344135413
long_history_cnn_full_ablation,cnn_ohlcv_open_interest,1D CNN (OHLCV + Open Interest),4,BTCUSDT,0.49844961240310076,0.49805749805749805,0.9984423676012462,0.6645930533955418,0.5007643936771663,0.5048657984308296,-0.24321353614521224,-0.3319464268016099,-0.38115803850507857,0.001937984496124031,0.49844961240310076,-9.719133760438393e-05
long_history_cnn_full_ablation,cnn_ohlcv_open_interest,1D CNN (OHLCV + Open Interest),4,ETHUSDT,0.5038759689922481,0.5014058106841612,0.4169914263445051,0.4553191489361702,0.5034070470195926,0.5109705171295832,-0.16120956659906693,-0.09533469797488295,-0.5422251790740441,0.015891472868217054,0.5038759689922481,-4.277883160729827e-05
long_history_cnn_full_ablation,cnn_ohlcv_open_interest,1D CNN (OHLCV + Open Interest),4,SOLUSDT,0.5046511627906977,0.5046511627906977,1.0,0.6707882534775889,0.5,0.4902671705261437,-0.4729716156992799,-0.41392313351370724,-0.5678440121870101,0.0003875968992248062,0.5046511627906977,-0.0002143580009681378
long_history_cnn_full_ablation,cnn_ohlcv_funding_open_interest,1D CNN (OHLCV + Funding + Open Interest),1,BTCUSDT,0.5011627906976744,0.551594746716698,0.21907600596125187,0.3136,0.5130113470840185,0.5174473755805359,0.007095632642504457,0.053267259559196284,-0.20504350176343744,0.019767441860465116,0.5011627906976744,1.9306433674135524e-05
long_history_cnn_full_ablation,cnn_ohlcv_funding_open_interest,1D CNN (OHLCV + Funding + Open Interest),1,ETHUSDT,0.4932144241954246,0.0,0.0,0.0,0.5,0.5078270488371758,-0.20308690615601876,-0.11037539656953395,-0.5070231927645303,0.00038774718883288094,0.49205118262892594,-5.588212059557692e-05
long_history_cnn_full_ablation,cnn_ohlcv_funding_open_interest,1D CNN (OHLCV + Funding + Open Interest),1,SOLUSDT,0.5145292522278186,0.5367298578199052,0.34448669201520915,0.41963872163038446,0.5178199652809063,0.5176490728560359,0.32753020087620266,0.24856270635377956,-1.0903105190853324,0.004261913986826811,0.5122045718713677,0.0001665047357852615
long_history_cnn_full_ablation,cnn_ohlcv_funding_open_interest,1D CNN (OHLCV + Funding + Open Interest),2,BTCUSDT,0.49612403100775193,0.4952076677316294,0.3601859024012393,0.4170403587443946,0.496229491154072,0.49786641299586143,0.03286924906199262,0.07981523708124791,-0.3215655691485706,0.03604651162790698,0.49573643410852714,2.7599841862568963e-05
long_history_cnn_full_ablation,cnn_ohlcv_funding_open_interest,1D CNN (OHLCV + Funding + Open Interest),2,ETHUSDT,0.5162790697674419,0.5208235844642022,0.8324607329842932,0.6407599309153713,0.5043236890987436,0.49763251621195376,0.45238932478960225,0.33450286103072807,-0.5886780390128056,0.016666666666666666,0.5162790697674419,0.00018182720428330123
long_history_cnn_full_ablation,cnn_ohlcv_funding_open_interest,1D CNN (OHLCV + Funding + Open Interest),2,SOLUSDT,0.4992248062015504,0.49940968122786306,0.9844840961986036,0.66266318537859,0.499600684815026,0.4836458047267621,-0.11500678389116359,0.0067953268241770365,-0.5751771176428644,0.0011627906976744186,0.4992248062015504,4.36509728729529e-06
long_history_cnn_full_ablation,cnn_ohlcv_funding_open_interest,1D CNN (OHLCV + Funding + Open Interest),3,BTCUSDT,0.5046511627906977,0.5046511627906977,1.0,0.6707882534775889,0.5,0.4917795302279627,0.07617914845007845,0.1591165112114168,-0.15322773522558075,0.0003875968992248062,0.5046511627906977,3.431379809833297e-05
long_history_cnn_full_ablation,cnn_ohlcv_funding_open_interest,1D CNN (OHLCV + Funding + Open Interest),3,ETHUSDT,0.5182170542635659,0.5182170542635659,1.0,0.6826653050804187,0.5,0.49349596333333534,0.7952156525017158,0.5788593750914959,-0.26751819405847677,0.0003875968992248062,0.5182170542635659,0.0002503640404597375
long_history_cnn_full_ablation,cnn_ohlcv_funding_open_interest,1D CNN (OHLCV + Funding + Open Interest),3,SOLUSDT,0.5155038759689923,0.5155038759689923,1.0,0.680306905370844,0.5,0.5023633082706767,0.40761445193370593,0.33534681925443355,-0.28614624774130915,0.0003875968992248062,0.5155038759689923,0.00016190160509365736
long_history_cnn_full_ablation,cnn_ohlcv_funding_open_interest,1D CNN (OHLCV + Funding + Open Interest),4,BTCUSDT,0.49767441860465117,0.49767441860465117,1.0,0.6645962732919255,0.5,0.4843404460405369,-0.23847769805621066,-0.3236855947841367,-0.3808846769543418,0.0003875968992248062,0.49767441860465117,-9.477344936295584e-05
long_history_cnn_full_ablation,cnn_ohlcv_funding_open_interest,1D CNN (OHLCV + Funding + Open Interest),4,ETHUSDT,0.49767441860465117,0.4974559686888454,0.990646921278254,0.662324127149557,0.500335025789474,0.5050629457871183,-0.3655490116240484,-0.33643000865927963,-0.4449947398094105,0.001937984496124031,0.49767441860465117,-0.00015093225968964503
long_history_cnn_full_ablation,cnn_ohlcv_funding_open_interest,1D CNN (OHLCV + Funding + Open Interest),4,SOLUSDT,0.5042635658914729,0.5048218029350104,0.9247311827956989,0.6531055058312991,0.5003155131505881,0.4899985336150715,-0.5191015712647302,-0.4825183634917456,-0.6279233839218039,0.012790697674418604,0.5042635658914729,-0.00024985431271838773
